location
02138
"1 Intrepid Square, Pier 86, 46th St. at 12th Ave."
"1 Intrepid Square, Pier 86, 46th St. at 12th Ave., New York"
"101 Park Ave., New York"
"1050 Connecticut Ave, N.W."
11 Aldridge Road Villas
11 West 42nd Street
"11 West 42nd Street, New York"
11 West 53rd Street
"11 West 53rd Street, New York"
1114 Avenue of the Americas
"114 16th Street, Charlestown MA, 02129"
12 Quincy Street
120 Wall Street
1211 Avenue of the Americas
125 West 18th St.
"125 West 18th St., New York"
1260 Ave. of the Americas
"1260 Ave. of the Americas, New York"
12th Avenue
133 Avenue D
1335 Avenue of the Americas
"1335 Avenue of the Americas, New York"
"1356 Broadway, New York"
14 Wall Street
"14 Wall Street, New York"
"142 W 57th Street, 11th Floor, New York, NY 10019"
"142 W 57th Street, New York, NY"
144 Wells Road
148 Barker Center
15 West 67th Street
1535 Broadway
"1535 Broadway, New York"
1568 Broadway
"1568 Broadway, New York"
"1600 Pennsylvania Ave NW, Washington, DC"
175 5th Ave.
175 Eighth Ave.
"175 Eighth Ave., New York"
1st and the Bowery
"1st and the Bowery, New York"
"2 East 61st St., New York"
2013 Costa Del Mar Road
"2013 Costa Del Mar Road, Carlsbad, CA 92009"
"2013 Costa Del Mar Road, Carlsbad, CA 92013"
"2044 Armacost Avenue, Los Angeles, CA 90025"
"2221 Smithtown Avenue, Long Island MacArthur Airport, Ronkonkoma, New York"
23 Berkeley Square London W1J 6HE
230 FIFTH
230 Fifth Ave
23rd St. at the Hudson River
"23rd St. at the Hudson River, New York"
25 Broadway
255 State Street
30 John Street
30 John Street Brooklyn NY 11201
"30 John Street Brooklyn, NY 11201"
"30 John Street, Brooklyn, NY 11201"
"301 East 66th Street, 10B, New York, New York 10065"
301 Park Avenue
"301 Park Avenue, New York"
311 West 34th Street
"311 West 34th Street, New York City"
311 West 57th St.
"311 West 57th St., New York"
315 SE 7th Street
330 East 63rd Street
333 West 23rd Street
"333 West 23rd Street, New York"
"345 Park Avenue, New York, NY"
35 Park Lane London W1K 1RB
"360 E. 55 St. #10G, New York, N.Y. 10022"
4 Columbus Circle
"4 Columbus Circle, New York"
41 East 65th Street
"425 North Andrews Avenue, Fort Lauderdale, Florida"
42nd St & 6th Ave
"450 N Kimball Ave, Suite 100, Southlake, TX 76092"
450 Park Avenue
515 N. County Road
515 N. Flagler Drive
"515 N. Flagler Drive, Suite #400"
"515 N. Flagler Drive, Suite #400, West Palm Beach, FL 33401"
515 North County Road
5300 W. Atlantic Avenue Delray Beach Florida
"5300 W. Atlantic Avenue, Suite 602"
"5454 La Sierra Dr., Suite 200"
"5454 La Sierra Dr., Suite 200, Dallas, TX 75231"
548 West 22nd Street
"548 West 22nd Street, New York"
55 Wall St.
"55 Wall St., New York"
"551 Fifth Avenue, 21st Floor"
"551 Fifth Avenue, 21st Floor, New York, NY 10176"
569 Lexington Ave.
"569 Lexington Ave., New York"
575 Lexington Avenue
575 Lexington Avenue 4th Floor
575 Lexington Avenue 4th Floor New York NY 10022
"575 Lexington Avenue 4th Floor, New York, NY 10022"
"575 Lexington Avenue, 4th Floor, New York, NY 10022"
"575 Lexington Avenue, 4th Floor, New York, New York"
"575 Lexington Avenue, 4th Floor, New York, New York 10022"
"575 Lexington Avenue, New York, NY"
"575 Lexington Avenue, New York, NY 10022"
"575 Lexington Avenue, New York, New York"
"575 Lexington Avenue, New York, New York 10022"
586 LaGuardia Place
"586 LaGuardia Place, New York"
6 Red Gate Farm
6100 Red Hook Quarter B3 St Thomas USVI 00802
"6100 Red Hook Quarter, B3, St Thomas, USVI 00802"
65th Street
"66 E.55th Street, New York, NY 10022"
66 East 55th Street New York NY 10022
66th St. and 2nd Avenue
69th Regiment Armory
71st
740 Park
"745 Fifth Avenue, New York, NY 10151"
"750 Lexington Avenue 5th Floor New York, New York 10022"
770 Fifth Ave
"770 Fifth Ave, New York"
79 North 11th St.
"79 North 11th St., Brooklyn"
8 Red Gate Farm
80 Columbus Circle
"80 Columbus Circle, New York"
811 Seventh Ave.
"811 Seventh Ave., New York"
9 E. 71st St.
9 East 71 Street NYC
9-23 Marsham Street
90 York Way
99 East 52nd Street
AUD
AVIA Hotel
AZ
Aarhus
Abu Dhabi
Abyan
Acela
Advocate Building
Aegean
Afghanistan
Africa
Airport
Alabama
Alaska
Alba Iulia
Albemarle House
Alexandria
Alice Tully Hall
Alila Sothea
Alila Sothea - Cambodia
Alps
Amagansett
America
American
American Midwest
American society
Amherst (Massachusetts)
Amherst Massachusetts
Amman
Amsterdam
Amsterdam airport
Anantara Bophut
Anantara Bophut - Koh Samui
Anbar
Andaman Sea
Andrassy Avenue
Angel Orensanz Foundation for the Arts
Angkor Wat
Annapolis
"Annapolis, MD"
Antarctica
Antigua
Antigua and Barbuda
Aparan
Apartment
Apartment of the chairman of the YIVO board
Aquinnah
Arab world
Arc de Triomphe
Arches to Moab
Argentina
Arizona
Arlington
Arlington VA
"Arlington, VA"
"Arlington, Virginia"
Armenia
Armonk
"Armonk, New York"
"Arset Bata 3, App. 13, 50 et."
Ascot
Ashdod
Ashkelon
Asia
Aspen
Aspen Mountain
Assam
Ateret
Athens
Atlanta
Atlantic
Atlantic City
Atlantic Ocean
Atlantic beach towns
Auckland
Audi Forum
Austin
"Austin, Texas"
Australia
Austria
Ave. Foch
"Aventura, Florida"
Avenue Foch
Avenue Yacoub El Mansour
Azerbaijan
B727
BQK
BRL
Bab el-Mandeb
"Babylon, NY"
Baghdad
Bahamas
Bahrain
Baja
Baja Peninsula
Baku
Baltic
Baltic States
Baltimore
Baltimore Sun
Bancroft Avenue
Bangalore
Bangkok
Bangladesh
Barbados
Barcelona
"Barcelone,Spain"
"Barnwell Manor, Barnwell, near Oundle, Peterborough, PE8 5PJ"
Bateaux New York Spirit City Cruises
Bedford
"Bedford, Massachusetts"
Bedouin
Beijing
Beirut
Belfast
Belgium
Bellevue
Benelux
Benghazi
Bennison Pimlico Road
Bensonhurst
Berkeley
Berlin
Beverly Hills
Beverly Hills Hotel
Bihar
Bir Zeit
Birbhum
BlackBerry 10 smartphone
Blue Room
Boca
Boca Raton
Books of Wonder
Boothbay
Boston
"Boston, MA"
Boulder
Bowlmore
Bratislava
Brazil
Brazilian ports
Breakers
"Briarcliff Manor, New York"
Bridge
Bristol
Britain
British
British TV
British air base
Broadway
Bronx
Brookline High School
Brooklyn
Brooklyn Brewery
"Brooklyn, NY 11201"
Broward County
Brunei
Brunswick
Brunswick GA
Brussels
Buchenwald
Budapest
Bulgaria
Burbank
Burgas
Burma
Business Bay
CA
CAD
Cairo
Calcutta
California
Cambodia
Cambridge
Cambridge (MA)
Cambridge MA
"Cambridge, MA"
"Cambridge, Massachusetts"
Camp David
Canada
Canary Wharf
Canberra
Cancún
Candia Maris Resort
Candia Maris Resort - Crete
Cange
Cannes
Canton
"Canton, Ohio"
Cape
Cape Cod
Capitol Hill
Carabayllo
Caribbean
Caribbean Island
Caribbean Islands
Caribbean island
Caribbean islands
"Carlsbad, CA"
"Carlsbad, CA 92013"
Carmel
Carmel New York
Cartagena
Casa Nana
Cassa Hotel and Residences
Central
Central (time zone)
Central America
Central Asia
Central Europe
Central Park
Central Park Zoo
Central Park-Rumsey Playfield
Cervo
Charlottesville
Chelsea
Chelsea Art Museum
Chelsea Piers
Chelsea Piers Pier 61
Chelsea Piers Pier 61 Suite 200A
Chernobyl
Chicago
Chicago Bears Football Game
Chicago's Civic Opera House
"Chicago, IL"
Chile
China
Christie
Christie's Rockefeller Center
Chuckawalla Valley
Cipriani 42nd Street
Cipriani Wall Street
Cipriani Wall Street New York City
"Cipriani Wall Street, New York City"
"Claymont, Delaware"
"Cleveland, OH"
Coldwater Canyon
Colombia
Colorado
"Compton, CA"
Concord
Concord River
Coney Island
"Coney Island, New York"
Connecticut
Corpus Christi
Costa Del Mar Road
"Costa Del Mar Road, Carlsbad, CA"
Cottar's Camp
Crete
Crimea
Cuba
Cuero
Cyprus
D.C.
DC
DCA
DCA program
DLD
Dallas
Dallas TX
"Dallas, TX"
Dalton
Damascus
Dammam
David Rockefeller Linden Terrace
David Rubenstein Atrium
"Davie, FL"
"Davis, CA"
Davos
Daytona Beach
Deep Creek Lake
Deir Ezzor
Delhi
Delhi India
Delray Beach
Delray Beach Florida
"Delray Beach, FL"
"Delray Beach, Florida"
Democratic People's Republic of Korea
Democratic Republic of the Congo
Denmark
Denver
Denver airport
Des Moines
Des Moines Iowa
"Des Moines, Iowa"
Desert Hot Springs
Detroit
Diagonal Plaza
Didcot
District of Columbia
District of Columbia Circuit
Doha
Dolby Theater
Dolby Theatre
Dominican Republic
Donald White House
Doonbeg Golf Club
Doubletree Guest Suites
Doubletree Metropolitan Hotel
Doubletree Times Square
Dream Downtown
Dream Downtown NYC
Dream South Beach
Dubai
Dubai International Airport
Dublin
Dulles
Dyker Heights
EMU
Eagle Ford
Eagle Ford Texas
East
East 65th Street
East 71st Street town house
"East 72nd St. off Fifth Ave., New York"
East Asia
East China Sea
East Coast
East Europe
East Germany
East Hanover New Jersey
East Jerusalem
East London
East River
East Room of the White House
Eastern District of New York
Eastern Europe
Eastern Libya
Eastern Mediterranean
Eastern Saudi Arabia
Edgartown
Egypt
Eighth Avenue
"Eighth Avenue New York, NY"
El Brillo Way
Elon Moreh
Emmanuel Centre
England
Epstein's island
Epstein's private island
Esencia Estate
Esencia Estate - Riviera Maya
Ethiopia
Euro area
Euro periphery
Europe
European Union
European countries
Eurozone
Exit Art
Experience Baja
Exxon
FL
Fairmont Royal Pavilion
Fairmont Royal Pavilion - Barbados
Fairmont Turnberry Isle Resort
Fallujah
Fifth Avenue
Finsbury Circus
Flint
"Flint, Michigan"
Florence
Florida
Fogg
Fogg Museum
Folkestone
Fort Knox
Fort Lauderdale
Fort Lauderdale Executive Airport
Fort Lauderdale International Airport
"Fort Lauderdale, FL"
"Fort Lauderdale, Florida"
Fort Myers
Four Seasons Hotel
Four Seasons Restaurant
France
Frankfurt
Freiburg
French elections
Friday night
Frost's house in Ripton Vermont
Ft Lauderdale
Ft. Lauderdale
Fujairah
Fukushima Daiichi
"Furfanggasse 4, 1190 Wien"
G20
G20 Summit
G6ttingen
GBP
GCC
Gaddafi's prisons
Galapagos Islands
Galaxy ramp
Gaza
Gaza Strip
Geneva
Geneve
Georgia
Germany
Golden Gate Bridge
Gorod Stolits
Goteborg
Gotland
Gottingen
Grand Hyatt Atlanta
Grand Hyatt New York
Grand Palais
Great Britain
Great Dismal Swamp
Great St James
Greece
Greek
Greenwich
Greenwich Village
"Greenwich, Conn."
"Greenwich, Connecticut"
Grenada
Ground Zero
Gueliz - 40000 - Marrakech (Morocco)
Guinea
Gujarat
Gulf
Gulf States
Gulfstream
Göttingen
Haiti
Hamptons
Hamptons International Film Festival
Harlem
Harper's Ferry
Harvard
Harvard Museum of Natural History
Harvard Science Center
Harvard Scientific Instruments collection
Harvard University
"Harvard University, Cambridge, MA"
Harvard's Houghton Rare Book Library
Harvardx studios
Haviland Hollow Farm
Hawai
Hawaii
Hawaiian Tropic
Hawaiian tropic
Heathrow Airport
Heidelberg
Helsinki
Her Majesty's Prison Peterborough
Heraklion
Hilton New York
Hiro (88 9th Ave)
Hofburg
Hollywood
Hollywood Blvd
Homs
Hong Kong
Hosfelt Gallery
Hotel Allegro
Hotel Allegro - Chicago
Hotel Bellevue
Hotel Bellevue - Washington
Hotel Derek
Hotel Derek - Houston
Hotel Las Palmas
Hotel Las Palmas - Mexico
Hotel Sachen
Houston
Hudson Hotel
Hudson Valley
Hungary
Hunter College
Huntington Beach
Huntsville
I.a.
IL
ILE MOUSTIQUE
Ibiza
Iceland
Iga
Illinois
Incirlik Air Base
India
Indiana
Indo-Asia-Pacific region
Indonesia
Industria Studio
Inner Mongolia
International Airport
Iowa
Iran
Iranian waters
Iraq
Ireland
Irvine
Isfahan
Islamabad
Islamic Republic of Iran
Island
Isle
Islip
Ismailliya
Israel
Istanbul
Italianate hall
Italy
Ithaca
JFK
JFK Airport
JFK Jr.'s final days
JFK airport
JPY
Jackson
Jacksonville
Jacmel
Jacob K Javits Convention Center
Jakarta
Jamaica
January
Japan
Jeddah Port
Jeffrey's island
Jericho
Jersey
Jerusalem
Jharkhand
Jharkhand India
Jijiga Ethiopia
Jimmy Crystal
Johannesburg
John Varvatos Boutique
Jordan
Jordan River Valley
Judea
Julia Morgan Theater
June 1967 borders
Juno Beach
Jupiter
KSA
KZ Buchenwald
Kansas
Kansas City
Kazakhstan
Kendall
Kennedy Airport
Kennedy family compound
Kensington
"Kent, Connecticut"
Kentucky
Kentucky Appalachia
Kenya
Khyber Pakhtunkhwa
"Killeen, TX"
Kings Place
Kirkuk
Kluge Virginia property
Kodak Theater
Koh Samui
Kolkata
Korea
Kremlin
Kurdish border
Kurdistan
Kuwait
L.A.
LA
LS3
LSH
LSJ
La Sierra Dr.
LaGuardia Airport
Lady Ghislaine
Lafayette High
Lafayette Louisiana
Lamu
Lantana
Las Olas Boulevard
Las Vegas
"Las Vegas, Nevada"
LatAm (Latin America)
Latin America
Lebanese
Lebanon
Leicester
"Lewis Center, Ohio"
"Lewiston, Maine"
Lexington Avenue
Libya
Life Hotel
Lincoln Center Avery Fisher Hall
Lincoln Center Plaza
Lincoln Center for the Performing Arts
Linden
Linden New Jersey
Lisbon
Little Nells
Little St James
Little St James Island
Little St. James
Little St. James Island
Little St. James island
"Livingston, New Jersey"
"Loch Sheldrake, New York"
Lockerbie
"Loggia dei Lanzi, Florence"
London
London house
"London, England"
"London, United Kingdom"
Long Beach
"Long Beach, CA"
Long Island
Long Island City
Long Island MacArthur Airport
Long Island Sound
Los Angeles
Los Angeles Business Journal
"Los Angeles, CA"
Loudoun County
Loudoun County VA
Louisiana
Louisville
Lower Manhattan
Ludlow Street
Lutnik's house
Lyon
MA
"MIT, Room E15-421, 20 Ames St., Cambridge, MA"
Maan
Maca Bana
Maca Bana - Grenada
Macau
Madikwe Game Reserve
Madison
Madison Avenue
Madrid
Maine
Makkah
Malaysia
Maldives
Mali
Mall
"Manchester, New Hampshire"
Mandarin Oriental New York
"Mandeville, LA"
Manhattan
Manhattan mansion
Mar a Lago
Mar-A-Lago
Mar-a-Lago
Mar-a-Lago Resort
Mar-a-Lago estate
Mara Lago
Markham
Marrakech
"Marrakech, Morocco"
Marriott
Martha's Vineyard
Martin & St. Lucie Counties
Martins
Maryland
Masai Mara
Massachusetts
Maui
Mayberry
McGill
Meatpacking District
Mecca
Mediterranean
Mediterranean house
Mediterranean house of Arianna Huffington
Megeve
Meidling
Melbourne
Melbourne Australia
Melbourne Zoo
"Melbourne, Australia"
Menlo Park
"Menlo Park, CA"
Metairie
"Metairie, Louisiana"
Metropolitan Pavilion
Mexico
Mexico City
Miami
Miami Beach
"Miami, FL"
Miami-Dade
"Michaelhouse Pvt Bag X1 Balgowan KwaZulu-Natal, South Africa"
Michigan
Microsoft
Mid East
Mid Town
Middle East
Middle Kingdom
Midtown
Midwest
Milan
Milk Gallery Studios
Milwaukee
Minneapolis
Minnesota
Missouri
Moab
Mobile
Mocambo-Ciro's niteries
Modi'in
Mombasa
Mongolia
Montebello
Monterey
Montgomery
Montgomery New York
Montreal
Moroccan consulate
Morocco
Moscow
Moskva-City
Mosul
Mount Everest
Mountain View
"Mountain View, CA"
"Mountain View, California"
Mountains Near Aparan
Mumbai
Mumbai India
Munich
Museum of Arts Design
Mutanabbi Street
Myamar
Myanmar
NJ
NM
NY
NYC
NYU Skirball Center for the Performing Arts
NZD
Nablus
Nair
Nairobi
Nantucket
Nantucket High School
Nantucket Project
Napa
"Nashville, TN"
Natanz
National Arts Club
"National Harbor, Md"
Nazi Germany
Nebraska
Nepal
Net site
Netherlands
Nevada
Nevada Proving Grounds
New Bridge Street
New Bridge Street House
New Delhi
New England
New Frontier Markets
New Hampshire
New Hope Pennsylvania
New Jersey
New Jersey Turnpike
New Jersey turnpike
New Leaf Café
New Mexico
New Orleans
New York
New York 10022
New York Botanical Garden
New York City
New York Film Festival
New York Marriott Marquis
New York New York
New York Public Library
New York State
New York Times
New York University Midtown Campus
New York apartment
New York home
New York house
New York's Central Park
"New York, NY"
"New York, NY 10022"
"New York, New York"
New Zealand
Newark
"Newark, California"
Nice
Nigeria
Nigeria southern oil producing region
Nigerian
Nineveh
Non-White Countries
Nordic
Normandy
North Africa
North America
North Carolina
North County Road
North Cyprus
North Dakota
North Korea
North Miami Beach
North Ocean
North Ocean Boulevard
North Ramp
North Sea
North Vietnam
Northeast
Northeast United States
Northern Cyprus
Northern District of Georgia
Northern Manhattan
Norway
Norwegian kroner
Notting Hill Gate
OMA
Oakland
Obama proposal
Occupied Palestinian territories
Ocean Drive
Ofra
Ohio
Okanagan
Oklahoma
Oklahoma City
Old Continent
Olympic Tower Atrium
Omaha Beach
One Bryant Park
"One Bryant Park, New York, NY"
One&Only Palmilla
Ontario
Open LK
Open lk
Orange County
"Orange County, California"
Oregon
Orgy Island
Orlando
Orlando International Airport
"Orlando, Florida"
Osaka
Oslo
Ossining
Ostra Hamngatan 24
Oval Office
Oxford
PB
PBI
PBI airport
PBI customs
PH house
Pacific Northwest
Pakistan
Palestine
Palestinian Authority
Palestinian Territories
Palestinian territories
Palestinians
Palm
Palm (likely Palm Beach)
Palm Beach
Palm Beach Atlantic
Palm Beach Atlantic University
Palm Beach County
Palm Beach County Jail
Palm Beach County Park Airport
Palm Beach County Stockade
Palm Beach County jail
Palm Beach Florida
Palm Beach Gardens
Palm Beach International (PBI)
Palm Beach International Airport
Palm Beach Island
Palm Beach Lakes Blvd.
Palm Beach county jail
Palm Beach estate
Palm Beach home
Palm Beach house
Palm Beach mansion
Palm Beach residence
"Palm Beach, Florida"
Palm House Hotel
Palm Islands
Palo Alto
"Palo Alto, CA"
Papua New Guinea
Paradise Papers
Paramus New Jersey
Paris
Park Ave. at Grand Central Terminal
"Park Ave. at Grand Central Terminal, New York"
Park Avenue
Park Avenue Armory
Pattaya
Pavilions Phuket
Pennsylvania
Permian Basin
Persian Gulf
Peru
Philadel phia
Philadelphia
Philadephia
Philippines
Phillips de Pury
Phoenix
"Phoenix, AZ"
Phuket
Pier 59 Studios
Pier 60
Pier 94
"Plano, Texas"
Plant
Playa Mujeres
Plymouth
Poconos
Poland
Polo Lounge
Port Covington
Port Said
Port-au-Prince
Portland
"Portland, OR"
"Portland, Oregon"
Porto
Portsmouth
Portugal
Potomac River
Pragelato
PreClear STT
PreClear main building
Princeton
Pripyat
Private Office Marrakech
"Private Office Marrakech, Avenue Yacoub El Mansour, Arset Bata 3, App. 13, 50 et., Gueliz - 40000 - Marrakech"
Providence
Puck Building
Puerta Plata
Puerto Rico
Pyongyang
Qatar
Qom
Quantico
"Quantico, Va."
Queen's Norfolk estate
Queens
Qum
RAF Marham
RBI
Radford
Radford Virginia
"Radford, VA"
Rajah Ampat
Raleigh
Raleigh-Durham
Ramadi
Ramallah
Ranch
Rastan
Rawabi
Red Bull Space
Red Hook
Red Hook Brooklyn
Red Rooster
Red Sea
Refugee camp
Republic of Georgia
Rhinebeck
"Rhinebeck, New York"
Rhodesia
"Richmond, Va."
Rio De Janeiro
Rio de Janeiro
Ripton Vermont
River Jordan
Riviera Maya
Riyadh
Rocky Mount
Roma
Roman senate
Romania
Rome
Ronkonkoma
"Ronkonkoma, NY"
Round Hill
Round Hill - Jamaica
Round Lake
Royal Geographical Society
Russia
Russian
Russian border
Russian capital
Russkies
SF Bay Area
SFGate
SFO
STT
SVA Theatre
Sacramento
Sacratissimo Corde Iesu
Salahuddin
Salem
"Salem, New Hampshire"
Salt Lake City
Salt Lake City airport
Sam
Samaria
Samarra
San Antonio Texas
San Diego
San Francisco
San Francisco Bay Area
San Jose
"San Jose, California"
San Juan
San Juan Capistrano
San Miguel
Sanaa
Santa Ana
"Santa Barbara, CA"
Santa Fe
Santa Monica
Sarajevo
Sardinia
Saturday
Saudi
Saudi Arabia
Saudis
Savannah
Scotland
Scotland Yard
"Scranton, Pennsylvania"
Sea of Cortez
Seattle
Senegal
Senegalese newspapers
Seneweb.com
Senkaku/Diaoyu Islands
Sequoia National Park
Serengeti
Serpentine Galley
Shanghai
Shannon Ireland
Sharjah
Sheraton Hotel
Sheraton New York Hotel & Towers
Siam Kempinski Hotel Bangkok
Silicon Valley
"Simi Valley, CA"
Sing Sing
Singapore
Skylight Studios West
Slovak Republic
Slovakia
Slovenska republika
Sobibor
Sofitel - Philadelphia
Soho House
Somali
Somali Border
Somers
South Africa
South America
South Asia
South Beach
South Bronx
South Carolina
South China Sea
South Cyprus
South Dakota
South Florida
South Korea
South NY
South Ocean Boulevard
South Pole
South of France
South-East Asia
Southampton
Southeast Asia
Southeastern department of Haiti
Southern California
Southern District of New York
Southern New York
Southlake TX
"Southlake, TX"
Spain
Spiderman
"Spirit Ridge, British Columbia"
Squibnocket Pond
Sri Lanka
St Moritz
St Thomas
St. Jeff
St. Peter's
St. Petersburg
St. Regis
St. Thomas
Stanford
Starrett City
Stephan Weiss Studio
Stockholm
Strait of Hormuz
Strasbourg
Stratford Inn
Stuart
Sub-Saharan Africa
Sudan
Suez
Suez Canal
Suisse
Suite 301
Sultan
Summit NJ
"Summit, NJ"
Sundance
Sundance Film Festival
Sundance Resort
Sundance Resort Utah
Sunday
Sunninghill Park
Sunset Tower Hotel
Sunshine State
Sweden
Swiss
Switzerland
Sydney
Syria
Taiwan
Taizs
Talbiseh
Tallahassee
Talpiyot Misrach
Tanzania
"Tarrytown, N.Y."
Tbilisi
Teaneck
Teheran
Tehran
Tel Aviv
Telegraph Avenues
Telluride
Telluride Film Festival
Tempe
Tempe AZ
Tempe Arizona
"Tempe, AZ"
Tennessee
Terramar
Terramar Project
Teterboro
Texas
Texas City
Thailand
The Adolphus
The Adolphus - Dallas
The Hamptons
The Kodak Theater
The Madison
The Madison - D.C.
The Manor On Golden Pond
The Manor On Golden Pond - NH
The Palms
The Pavilions
The Pavilions - Phuket
The Pierre Hotel
The Plaza Hotel
Thomas Jefferson's Monticello estate
Thrace
Tiananmen Square
Tibet
Times Square
Tokyo
"Toledo, Ohio"
Tomsk
Toronto
Toronto Film Festival
Touba
Town
Town of PB
Travaasa Hana
Travaasa Hana - Hawaii
Trinidad
Tripoli
Trump
"Trump Bedminster, New Jersey"
Trump Casino
Trump Course
Trump Hotel
Trump Mar-a-Lago
Trump SoHo Hotel
Trump Tower
Trump Tower Chicago
Trump Tower Istanbul
Trump World Tower
Trump inauguration
Trump trip
Trump's Mar-a-Lago
Trump-land
Tucson
"Tucson, AZ"
Tulum
Tunis
Tunisia
Turkey
Turks & Caicos
Tuscon
Two North LaSalle Street
U.K.
U.S.
U.S. Virgin Islands
U.S.-Mexico border
U.S.O.
UAE
UAE Federation
UK
UN High Level Week
US
US Virgin Islands
US Virgin Islands (island)
US-China
USA
USD
USGC
USVI
Uganda
Ukraine
"Union, New Jersey"
United Arab Emirates
United Kingdom
United Nations
United Nations Building
"United Nations Building, First Ave. at 45th St., New York"
United Nations Delegates Dining Room
United States
United States Bullion Depository
University of Pittsburgh
Upper East Side
Upper East Side New York
Uptown
Utah
Utrecht
Vancouver
Vatican
Venezuela
Venice
Vermont
"Via delle Fornaci, Roma"
Vidago Palace
Vidago Palace - Portugal
Vienna
Vietnam
Vineyard Estates
Virgin Islands
Virginia
"Vista, CA"
W11 1BL
WI
WORLD
Waldorf Astoria
Waldorf Astoria Grand Ballroom
Waldorf=Astoria
Wall Street
Wallops Flight Facility
Waltham
"Waltham, Massachusetts"
Wantage
Washington
Washington D.C.
Washington DC
Washington Kalorama
Washington Square
Washington State
Washington state
"Washington, D.C."
"Washington, DC"
"Washington, Kalorama"
Wayzata
West 65th Street
West Africa
West Antarctic Ice Sheet
West Bank
West Bengal
West Berlin
West Coast
West Europe
West Palm Beach
West Palm Beach Marriott
West Palm Beach Stockade
West Palm Beach office
"West Palm Beach, FL"
"West Palm Beach, Florida"
West Village
West Virginia
West Wing
Westchester
Westchester Airport
Westchester County
Westchester County New York
Western Civilization
Western Europe
Western Maryland
White House
White Plains
Wien
Wild West
Wilshire Boulevard
Wimbledon
Wisconsin
Woodberry poetry room
World Yacht Marina Pier 81 West 41st St Hudson River
Worth Avenue
Xanadu
Xinjiang
Yemen
Yerevan
Yonkers
Yorkshire
Zambia
Zermatt
Ziegfeld
Ziegfeld Theater
Zinjibar
Zorro Ranch
Zorro V
Zuccotti Park
Zurich
airport
apartment
apartment 3M
apt
beach
border
city
coast
dc
desert
eastern Europe
gulf
home
home of friend of the family
house
international arena
island
jeffreyepstein.net
kitchen
la
lk
lsh
main building
my coast
neighbor's property
occupied Palestinian territories
open lk
overseas
plane
second week of December
south Florida
southward
state prison
studio
sub-Saharan Africa
swiss
tea party conference
terrace
the Gulf
the city
the house
the island
the plane
the states
town
west coast of Ireland
your island
